id,aim_1,aim_2,aim_3,aim_4,iam_1,iam_2,iam_3,iam_4,fim_1,fim_2,fim_3,fim_4,sus_01,sus_02,sus_03,sus_04,sus_05,sus_06,sus_07,sus_08,sus_09,sus_10
P01,3,4,4,4,3,3,4,2,4,4,4,4,3,1,2,1,2,3,4,2,2,2
P02,5,5,5,5,4,5,4,5,5,5,5,5,5,2,4,1,3,2,5,3,5,1
P03,4,3,3,2,4,3,4,3,3,3,4,4,3,3,3,2,3,3,3,3,3,2
P04,2,2,2,3,2,2,3,2,2,3,3,2,1,4,2,2,3,2,4,2,3,2
P05,4,4,4,4,4,4,4,3,5,4,5,5,4,1,5,1,4,1,5,2,5,1
P06,5,5,5,5,5,5,5,5,5,5,5,5,4,2,3,2,3,2,3,2,3,2
P07,5,5,5,5,5,5,5,5,5,5,5,5,4,1,4,1,4,1,4,1,5,1
P08,4,4,4,4,5,5,5,5,5,5,5,3,3,1,5,1,5,2,5,1,5,1
P09,5,4,5,4,5,5,5,5,5,5,4,3,5,1,4,1,5,2,4,1,4,2
P10,4,4,5,5,4,5,5,5,5,5,3,4,3,3,4,2,3,4,4,3,4,2
P11,5,5,5,5,5,5,5,5,5,5,5,5,4,1,4,1,4,1,5,1,5,2
P12,5,4,4,4,4,4,3,4,5,4,4,5,3,4,5,1,2,1,5,1,4,1
P13,4,4,4,4,4,4,4,4,4,4,4,3,3,1,4,1,4,1,4,2,4,1
P14,4,4,5,4,4,4,4,4,5,5,5,5,4,2,4,1,5,1,5,1,4,1
P15,5,5,5,5,5,5,5,5,5,5,5,5,3,1,5,1,4,2,5,3,5,5
P16,5,4,5,5,4,4,5,4,5,4,5,5,3,1,5,2,4,1,5,1,4,2
P17,4,5,4,3,3,4,5,3,4,4,5,5,4,1,5,1,4,2,4,1,3,1
P19,4,4,4,3,3,4,4,3,4,4,4,4,3,2,3,2,3,3,2,2,4,2
P20,4,3,3,4,4,4,4,4,4,4,4,4,2,2,5,1,4,2,5,1,4,1
P21,4,3,3,3,3,3,4,3,3,4,4,3,3,3,2,2,3,2,3,3,3,2
P22,5,5,5,5,5,5,5,5,4,4,5,4,5,1,5,1,5,2,5,1,5,1
P23,4,4,5,5,4,4,5,4,4,3,3,3,4,2,3,4,4,2,2,3,4,3
P24,5,5,4,4,4,4,4,4,4,4,4,4,3,1,5,1,4,2,5,1,4,1
P26,5,5,5,5,5,5,5,5,5,5,5,5,1,1,1,3,1,3,1,3,1,3
P27,5,5,5,5,4,4,5,4,5,4,4,4,4,2,4,1,4,2,5,2,4,2
P28,5,5,5,5,5,5,5,5,5,5,5,5,5,2,5,1,5,2,5,1,4,2
P29,5,4,5,5,3,4,5,5,4,3,4,4,3,1,5,1,4,1,4,1,4,1
P30,4,4,4,4,4,4,4,4,4,4,4,4,3,4,2,3,3,2,3,3,3,2
