id,timepoint,cssrs,mssi_01,mssi_02,mssi_03,mssi_04,mssi_05,mssi_06,mssi_07,mssi_08,mssi_09,mssi_10,mssi_11,mssi_12,mssi_13,mssi_14,mssi_15,mssi_16,mssi_17,mssi_18,EDDEP04,EDDEP05,EDDEP06,EDDEP07,EDDEP09,EDDEP14,EDDEP17,EDDEP19,EDDEP21,EDDEP22,EDDEP23,EDDEP26,EDDEP27,EDDEP28,EDDEP29,EDDEP30,EDDEP31,EDDEP35,EDDEP36,EDDEP39,EDDEP41,EDDEP42,EDDEP44,EDDEP45,EDDEP46,EDDEP48,EDDEP50,EDDEP54,EDANX01,EDANX02,EDANX03,EDANX05,EDANX07,EDANX08,EDANX12,EDANX13,EDANX16,EDANX18,EDANX20,EDANX21,EDANX24,EDANX26,EDANX27,EDANX30,EDANX33,EDANX37,EDANX40,EDANX41,EDANX44,EDANX46,EDANX47,EDANX48,EDANX49,EDANX51,EDANX53,EDANX54,EDANX55,cerq_01,cerq_02,cerq_03,cerq_04,cerq_05,cerq_06,cerq_07,cerq_08,cerq_09,cerq_10,cerq_11,cerq_12,cerq_13,cerq_14,cerq_15,cerq_16,cerq_17,cerq_18,cerq_19,cerq_20,cerq_21,cerq_22,cerq_23,cerq_24,cerq_25,cerq_26,cerq_27,cerq_28,cerq_29,cerq_30,cerq_31,cerq_32,cerq_33,cerq_34,cerq_35,cerq_36,cses_01,cses_02,cses_03,cses_04,cses_05,cses_06,cses_07,cses_08,cses_09,cses_10,cses_11,cses_12,cses_13,cses_14,cses_15,cses_16,cses_17,cses_18,cses_19,cses_20,cses_21,cses_22,cses_23,cses_24,cses_25,cses_26
P01,baseline,3,1,1,0,0,,,,,,,,,,,,,,,5,4,4,3,3,5,3,5,4,5,3,5,4,3,2,4,5,3,4,5,4,2,3,3,3,3,4,4,3,1,3,4,4,3,2,3,1,1,1,4,5,4,1,3,1,5,4,3,5,4,4,5,5,3,3,4,4,4,4,2,2,2,4,4,2,1,3,3,2,2,3,2,4,2,2,5,3,4,2,2,3,3,1,3,4,2,4,2,2,3,4,1,1,3,4,7,2,5,5,7,5,2,3,4,4,9,7,4,3,5,3,3,4,3,7,1,8,5,2
P01,week6,3,0,1,0,0,,,,,,,,,,,,,,,4,3,4,4,3,5,2,3,4,2,3,4,4,2,3,5,4,3,3,3,3,2,3,4,3,2,4,3,3,1,3,4,4,3,3,3,2,2,3,5,4,4,3,2,1,4,4,3,4,4,4,3,4,3,4,2,3,4,4,3,2,2,4,2,2,2,4,4,3,2,4,3,3,1,1,5,4,3,2,3,2,2,1,1,4,3,4,2,3,2,3,3,2,4,3,7,2,4,6,8,6,4,2,4,3,8,6,4,3,2,4,2,5,4,7,1,5,3,4
P01,week12,1,0,1,0,0,,,,,,,,,,,,,,,3,2,2,4,2,5,3,3,4,2,3,4,2,3,2,2,2,2,3,2,3,2,4,3,2,2,3,4,4,3,3,5,5,3,4,2,1,2,1,5,5,3,4,4,1,5,5,4,4,5,2,4,5,4,4,4,4,3,3,3,2,3,4,4,2,2,4,3,2,2,2,4,3,2,1,4,3,3,2,4,3,3,1,1,4,3,3,3,3,2,3,1,1,7,4,5,3,4,7,6,7,5,4,4,5,8,6,4,4,5,6,3,6,6,6,1,6,5,4
P02,baseline,2,1,0,0,0,,,,,,,,,,,,,,,4,2,3,4,3,4,4,3,5,4,5,5,4,4,3,5,3,4,3,2,3,4,3,1,3,2,4,4,3,2,4,4,4,5,4,3,5,4,2,5,2,5,5,4,2,4,3,3,2,4,5,3,1,3,4,3,4,5,3,3,1,2,3,2,1,2,5,4,4,1,3,2,5,2,2,5,2,5,1,5,2,1,1,2,5,4,4,1,4,2,2,4,1,2,4,5,2,4,3,1,6,4,2,5,2,10,5,2,8,3,5,2,2,5,2,3,3,8,1
P02,week6,1,0,0,0,0,,,,,,,,,,,,,,,1,1,2,3,1,4,3,1,3,2,4,3,3,3,2,3,2,3,3,1,1,3,1,1,2,1,2,3,2,1,1,3,3,3,3,2,2,2,1,3,2,4,3,3,1,3,1,2,1,3,4,2,1,1,2,2,1,2,5,5,2,5,5,5,3,2,3,5,4,2,5,4,5,1,2,5,2,5,2,5,5,4,1,2,1,5,2,2,5,5,3,1,2,9,9,10,6,7,7,9,8,4,7,9,4,9,9,7,10,8,8,6,9,6,5,3,4,9,4
P02,week12,0,0,1,0,0,,,,,,,,,,,,,,,2,1,1,3,1,4,3,1,3,1,5,4,4,4,3,4,2,5,2,1,1,4,2,1,2,1,3,4,3,1,5,3,3,4,3,3,4,3,2,4,3,5,3,3,2,5,3,3,3,3,4,3,5,4,3,4,3,3,5,5,2,5,5,5,1,2,4,5,4,2,5,4,4,1,2,5,2,5,1,4,4,4,1,2,2,5,3,2,4,4,4,2,2,8,7,6,3,10,9,8,9,5,4,9,5,8,9,6,4,2,5,4,8,8,3,2,6,7,2
P03,baseline,3,1,1,0,0,,,,,,,,,,,,,,,5,5,5,5,4,5,5,5,5,5,5,4,4,5,5,5,5,5,5,5,5,5,5,5,5,5,4,5,5,5,4,5,4,5,5,4,5,5,5,5,3,4,5,5,5,3,5,5,4,5,5,5,4,5,5,5,4,4,5,5,4,2,3,2,5,4,2,5,5,5,3,4,2,5,5,4,4,5,1,2,1,1,2,5,1,5,4,1,2,1,2,5,5,3,4,5,1,2,4,4,4,5,3,2,3,7,3,3,5,2,3,4,3,3,4,8,2,6,5
P03,week6,1,0,1,,0,,,,,,,,,,,,,,,4,3,3,4,3,4,4,4,4,4,5,4,4,5,4,4,5,4,4,3,4,4,3,3,3,3,1,5,4,4,3,4,4,4,4,3,4,2,3,5,2,3,5,5,5,4,5,3,2,4,4,4,4,3,4,4,3,2,3,3,2,2,2,2,5,3,2,4,4,4,3,3,4,3,3,3,4,3,3,4,3,1,4,4,3,3,3,3,2,2,3,2,2,5,5,3,1,1,1,2,6,5,5,4,3,3,5,5,5,1,6,4,5,5,5,9,2,6,5
P03,week12,0,0,0,0,0,,,,,,,,,,,,,,,3,3,3,3,3,3,3,3,3,4,4,3,3,3,3,4,3,3,4,3,3,3,3,4,4,4,3,4,3,3,3,3,3,4,4,4,3,3,3,3,3,4,3,3,3,4,3,3,3,3,3,3,4,3,3,3,4,4,3,4,2,3,2,3,2,2,3,4,3,3,3,3,3,3,4,3,4,4,3,3,3,3,2,3,3,3,4,3,2,2,2,3,2,4,5,5,5,5,5,7,5,7,5,6,6,7,5,4,4,5,5,3,5,5,5,10,5,5,4
P04,baseline,3,0,1,0,0,,,,,,,,,,,,,,,4,3,4,3,2,4,3,2,4,4,3,4,2,4,3,4,3,3,3,2,3,2,2,2,3,4,4,4,4,4,3,3,3,3,3,2,3,3,4,4,3,2,3,3,2,4,3,3,2,3,4,3,4,3,3,3,2,5,3,4,2,2,2,2,1,1,5,3,4,2,2,2,5,4,1,5,5,5,2,4,1,2,1,1,5,3,5,2,1,2,4,3,1,7,5,5,8,2,4,4,4,4,7,4,5,6,5,4,4,7,4,4,3,5,3,7,3,3,5
P04,week6,1,0,1,0,0,,,,,,,,,,,,,,,3,2,3,2,2,3,3,2,3,3,2,3,2,2,2,2,2,3,2,2,2,2,2,2,2,2,3,3,2,2,3,3,2,2,3,2,3,2,2,3,2,2,2,2,2,3,2,2,2,2,2,3,3,3,2,3,2,3,3,2,3,2,2,3,1,1,3,2,3,3,2,2,4,2,1,3,3,4,3,3,1,3,1,1,3,3,3,3,2,2,4,2,1,6,3,5,8,2,4,4,3,5,4,3,4,4,4,4,3,6,4,4,4,4,3,7,2,3,5
P04,week12,0,0,0,0,0,,,,,,,,,,,,,,,4,2,2,2,2,4,3,2,3,3,2,4,2,2,2,4,3,4,2,1,2,2,3,2,2,1,4,3,3,3,3,3,4,2,2,4,2,3,3,3,2,2,3,3,3,4,3,3,4,3,4,4,4,4,4,3,4,4,4,4,2,2,2,3,1,1,4,2,3,3,3,2,4,2,1,4,3,4,3,2,1,2,1,1,3,3,3,2,2,1,4,2,1,6,5,5,8,4,5,4,4,5,5,4,4,5,5,4,3,7,4,5,5,4,7,8,3,4,6
P05,baseline,3,2,1,0,1,1,1,2,1,2,0,1,1,1,0,0,0,1,0,3,3,4,4,3,4,4,3,4,4,5,3,4,3,4,5,4,5,3,3,4,3,4,4,4,3,4,5,2,2,4,4,4,4,4,3,5,4,2,3,4,4,3,4,2,4,4,4,4,3,5,4,2,4,3,3,4,3,4,2,3,2,5,3,2,2,4,4,4,2,3,2,3,3,2,4,4,3,2,2,3,2,1,3,1,3,4,4,3,2,2,3,2,4,3,2,5,3,3,3,4,5,3,3,3,7,4,3,5,4,5,2,2,4,2,4,2,1,3
P05,week6,1,0,1,0,0,,,,,,,,,,,,,,,3,3,3,2,2,4,3,2,4,2,2,3,2,2,2,4,3,4,3,2,2,3,3,2,4,2,4,5,3,3,3,3,4,3,2,2,3,2,2,3,3,3,3,3,2,3,2,3,2,3,4,4,4,3,3,3,3,3,4,5,2,2,4,3,1,2,2,4,4,3,2,1,3,2,2,3,2,4,2,4,3,2,1,4,2,4,5,4,3,3,4,3,1,6,3,5,8,5,5,5,4,7,4,4,4,5,5,5,7,5,5,5,5,5,5,4,3,4,4
P05,week12,1,0,1,0,0,,,,,,,,,,,,,,,3,2,2,3,2,2,3,2,3,2,2,3,2,2,2,3,3,3,2,1,1,2,3,3,3,2,3,4,2,2,3,3,4,3,3,2,3,2,2,3,4,3,3,2,1,2,3,2,1,2,3,2,4,3,2,1,2,2,4,4,3,3,5,3,1,3,3,5,5,4,3,2,5,2,4,4,4,5,2,2,2,3,1,4,2,5,5,4,2,4,4,5,2,5,5,7,7,7,7,7,5,8,7,7,6,8,5,6,8,6,7,7,5,8,7,5,4,6,5
P06,baseline,4,2,1,2,1,2,1,1,1,1,1,1,0,0,0,1,1,0,0,4,4,4,4,4,4,4,4,4,4,4,4,4,4,4,4,4,4,4,4,3,3,3,3,3,3,3,5,2,2,5,5,5,5,5,1,5,2,5,5,2,5,4,4,3,5,4,3,3,3,3,3,3,3,3,3,3,4,4,5,5,5,3,3,3,3,3,3,4,4,3,4,4,4,4,5,4,4,5,5,5,5,5,5,3,4,4,4,4,4,4,4,3,5,7,3,5,3,2,3,3,5,5,10,5,5,3,5,10,10,10,4,4,10,3,5,5,3,2
P06,week6,1,0,0,0,0,,,,,,,,,,,,,,,4,2,4,2,2,3,4,3,3,3,2,3,3,3,3,4,4,4,4,2,3,3,3,3,3,3,3,5,2,2,5,5,5,5,4,1,5,1,1,5,2,1,2,2,1,3,3,5,1,2,3,3,3,3,3,3,3,3,4,4,5,4,4,4,3,1,4,4,4,4,3,4,5,5,1,5,4,5,5,2,2,2,2,1,3,3,3,4,3,4,3,3,1,3,7,7,10,4,4,4,3,10,7,8,4,5,7,3,10,10,8,3,5,10,7,8,8,5,2
P06,week12,1,0,0,0,0,,,,,,,,,,,,,,,3,2,3,4,3,4,4,4,2,4,4,4,4,4,4,4,4,4,4,3,4,4,4,4,4,3,3,4,2,2,4,4,4,5,4,2,2,2,2,5,2,3,2,3,3,4,4,4,2,3,3,3,3,3,3,2,3,2,4,4,3,3,3,3,3,3,2,3,3,4,3,3,4,3,2,3,3,3,4,4,4,4,1,2,2,2,2,3,3,3,2,2,2,5,5,3,6,6,6,6,7,10,10,10,6,5,5,5,7,7,7,6,7,10,4,5,7,6,3
P07,baseline,3,0,0,0,0,,,,,,,,,,,,,,,2,1,2,3,2,3,4,2,1,3,5,4,1,4,3,5,4,3,3,1,2,2,1,4,2,5,4,4,1,1,1,2,1,1,2,1,1,1,1,5,4,5,1,3,1,3,1,1,1,1,4,1,4,3,1,1,1,4,5,3,2,2,2,2,1,1,4,4,2,2,2,1,5,1,1,4,4,2,2,2,1,3,1,1,3,3,2,2,1,1,4,1,1,6,6,4,3,2,7,9,6,6,8,6,6,4,4,7,6,4,7,6,3,6,3,2,10,6,6
P07,week6,1,0,0,0,0,,,,,,,,,,,,,,,1,1,1,1,1,3,3,1,1,2,3,2,1,1,1,4,2,3,3,1,1,1,1,1,1,1,1,1,1,1,1,1,1,1,1,1,1,1,1,1,1,1,1,3,1,3,1,1,4,1,1,2,4,1,1,1,1,3,4,2,2,2,5,2,1,2,3,5,2,2,1,2,3,1,1,4,2,3,2,4,2,2,1,2,4,4,2,2,2,2,2,2,1,7,6,8,8,7,6,9,7,9,8,7,9,6,6,6,7,8,6,8,6,8,7,9,10,7,5
P07,week12,0,0,0,0,0,,,,,,,,,,,,,,,2,1,3,1,2,3,2,1,1,3,3,3,1,3,3,3,2,1,3,1,1,3,1,4,1,1,3,1,1,1,1,2,1,1,2,1,1,1,1,5,1,2,1,3,1,1,1,1,3,3,3,1,4,1,1,1,2,2,5,5,2,1,3,2,2,4,2,5,4,2,4,2,3,1,3,3,2,4,1,4,1,1,1,4,3,3,3,1,1,3,2,2,1,6,7,8,10,10,10,10,8,10,8,7,7,8,6,7,10,10,5,5,8,10,10,8,8,10,10
P08,baseline,5,0,0,0,0,,,,,,,,,,,,,,,4,3,4,3,4,5,5,5,5,5,5,5,5,5,5,4,3,5,5,3,4,5,5,4,4,4,5,5,3,3,2,5,4,5,5,4,2,3,3,3,3,4,4,5,3,5,5,5,3,5,5,5,5,5,5,5,4,5,5,5,5,5,5,5,4,3,4,5,5,5,5,5,5,4,3,5,5,5,5,5,5,5,3,5,4,5,5,5,5,5,5,4,3,7,5,5,8,5,4,3,5,7,8,8,8,4,5,6,3,2,6,5,5,6,4,1,3,2,3
P08,week6,3,0,1,0,0,,,,,,,,,,,,,,,5,4,5,5,5,5,5,5,5,5,3,5,4,4,5,5,5,5,5,2,5,4,5,4,4,4,5,5,3,3,5,5,5,5,5,4,2,3,2,5,4,5,5,5,3,3,5,5,4,5,5,4,5,5,5,5,4,5,5,5,5,5,5,5,5,5,5,5,5,5,5,5,5,5,5,5,5,5,5,5,1,2,3,4,5,5,5,5,5,1,5,5,5,3,3,4,7,4,4,5,5,7,2,3,2,3,4,2,2,3,4,2,2,5,5,1,1,5,1
P09,baseline,2,0,2,0,2,0,0,0,0,2,0,1,1,2,0,0,0,0,0,4,4,3,4,2,5,3,3,3,5,5,5,3,4,3,5,5,4,4,5,4,3,3,4,3,5,4,4,1,2,4,5,5,5,4,4,3,3,1,5,4,5,3,3,2,4,3,3,1,3,5,4,2,3,3,2,3,4,4,5,3,2,3,3,4,2,4,4,4,2,4,3,3,3,2,4,4,5,2,4,3,5,1,3,4,4,4,3,4,3,5,3,2,4,6,7,7,6,5,3,4,5,4,7,4,7,7,6,4,7,6,5,4,2,3,5,5,7,7
P09,week6,1,0,1,0,0,,,,,,,,,,,,,,,3,2,2,1,1,5,3,3,3,4,2,3,4,2,2,3,4,5,2,3,2,2,2,3,1,1,3,2,1,2,4,4,4,3,2,2,1,2,1,4,2,2,2,4,2,5,2,2,1,3,2,3,3,2,1,1,3,2,2,4,3,2,4,4,3,1,3,3,4,1,2,2,4,1,2,5,2,5,2,3,1,2,1,2,4,3,4,2,3,3,5,4,2,4,2,7,9,6,3,4,3,7,5,5,3,9,8,6,2,8,6,3,2,5,6,2,2,8,7
P09,week12,0,0,1,0,0,,,,,,,,,,,,,,,3,2,4,2,2,5,4,2,2,3,2,4,3,3,2,5,5,3,3,1,2,3,2,2,3,2,4,3,3,2,4,5,4,5,3,3,2,3,2,5,2,3,3,4,2,4,3,3,1,3,5,3,1,3,3,2,3,3,4,4,2,2,4,3,1,2,4,4,3,1,3,3,5,1,2,5,4,5,2,4,2,5,1,3,5,4,4,2,3,3,5,3,2,6,3,8,9,7,6,7,3,8,6,5,3,8,8,3,3,8,6,6,6,4,8,3,3,8,7
P10,baseline,4,1,1,0,0,,,,,,,,,,,,,,,2,3,3,3,2,3,3,2,2,1,3,3,2,3,3,3,2,3,4,2,2,2,3,3,2,3,3,2,4,3,2,3,2,3,3,3,1,2,1,3,3,4,2,5,2,3,2,3,4,3,3,3,4,4,3,3,2,1,3,4,4,4,4,5,2,2,2,3,2,3,2,4,4,3,3,3,4,4,3,3,4,2,4,3,2,2,3,3,3,3,3,2,2,4,5,6,8,4,7,4,7,5,5,4,6,5,6,7,3,4,4,5,6,6,4,6,3,2,2
P10,week6,1,0,1,0,0,,,,,,,,,,,,,,,3,2,3,3,2,3,4,2,2,2,3,4,1,4,3,3,2,2,3,2,1,3,3,2,2,2,4,3,2,3,2,3,2,2,3,2,4,2,3,3,4,2,3,4,2,4,2,2,3,3,3,2,4,4,3,3,3,2,2,3,4,3,3,4,5,4,2,3,2,2,3,3,4,2,3,2,3,2,3,3,4,4,3,4,4,4,3,5,5,3,4,2,1,5,8,8,9,8,9,6,8,9,8,9,5,4,7,6,7,9,9,3,7,7,2,2,8,8,8
P10,week12,0,0,0,0,0,,,,,,,,,,,,,,,1,1,3,3,3,4,2,2,2,2,3,2,3,3,1,2,2,3,3,2,2,3,1,2,1,2,4,3,2,2,3,2,2,2,3,3,2,3,2,2,3,3,2,2,2,3,3,4,3,2,2,3,2,2,3,3,2,3,3,2,2,3,4,5,5,2,3,3,2,3,3,4,2,3,2,3,2,3,3,2,3,3,4,3,2,3,3,2,3,3,4,4,3,5,7,6,8,9,8,6,8,2,2,4,3,4,7,5,7,6,7,6,8,5,7,5,6,6,4
P11,baseline,2,0,2,0,0,,,,,,,,,,,,,,,4,3,3,4,2,4,4,3,4,4,2,5,5,5,4,3,3,3,4,3,4,4,4,3,3,3,4,5,2,2,2,3,3,4,4,3,3,3,2,3,3,3,2,3,2,3,2,2,3,3,3,3,4,4,3,3,2,2,2,2,2,3,2,1,1,1,2,2,1,1,3,3,4,1,1,2,2,2,1,2,2,2,1,1,2,2,2,2,2,2,3,1,1,5,4,4,4,4,5,5,5,4,4,5,4,7,7,5,5,5,6,4,4,7,3,2,4,6,4
P11,week6,0,0,1,0,0,,,,,,,,,,,,,,,2,1,1,2,1,3,3,1,1,1,2,1,2,4,3,3,2,4,3,1,1,3,3,1,2,1,1,3,1,1,1,3,2,3,3,2,4,2,2,3,3,3,1,2,1,2,1,1,2,3,3,1,2,2,2,2,2,2,2,2,2,2,2,1,1,1,2,2,1,1,2,2,2,1,1,2,2,2,1,1,1,1,1,1,1,2,2,2,1,2,2,1,1,6,6,5,5,5,7,7,6,5,6,5,5,6,6,5,3,3,7,5,4,6,3,2,2,5,6
P11,week12,0,0,1,0,0,,,,,,,,,,,,,,,3,3,1,3,1,1,3,1,1,2,1,3,1,3,3,2,3,2,3,1,1,3,3,1,2,1,1,3,1,1,1,3,2,3,3,3,3,1,1,3,3,1,1,2,1,1,1,1,1,3,2,1,1,1,1,1,1,1,2,2,2,3,3,3,1,1,2,4,1,2,3,3,3,1,1,3,1,2,2,2,1,2,1,1,2,2,2,2,3,2,2,1,1,5,5,5,3,5,7,5,7,6,5,5,3,8,8,5,7,4,5,3,7,7,5,5,5,5,5
P12,baseline,3,0,1,0,0,,,,,,,,,,,,,,,4,3,3,4,2,3,3,3,4,4,3,3,3,4,3,3,2,3,3,2,3,2,3,2,2,1,3,3,2,1,1,2,2,3,3,1,1,1,1,4,3,2,3,2,1,4,2,2,1,1,3,2,1,1,1,2,3,4,3,3,2,3,4,3,3,2,3,4,2,3,3,5,3,2,2,3,3,2,3,4,5,3,1,2,4,4,3,3,3,4,3,2,1,7,5,7,7,8,8,5,6,8,8,6,3,9,7,3,7,6,6,6,8,10,2,7,4,7,8
P12,week6,3,0,0,0,0,,,,,,,,,,,,,,,3,3,3,3,2,3,3,3,4,3,4,3,3,3,3,2,2,4,2,1,3,3,3,1,1,1,3,2,3,2,1,2,1,3,3,1,1,1,1,2,2,1,1,3,2,3,1,2,1,3,3,2,1,1,2,2,1,3,3,4,2,2,5,5,4,2,3,3,3,2,3,5,5,2,2,2,2,2,3,4,4,3,1,3,4,4,2,3,3,4,5,2,1,7,6,8,6,7,8,8,7,10,5,7,5,8,7,5,7,7,7,4,1,7,7,10,5,6,6
P12,week12,0,0,0,0,0,,,,,,,,,,,,,,,3,2,1,3,2,3,2,3,3,3,3,2,1,4,2,1,1,1,2,2,1,2,2,1,1,1,2,2,2,2,1,2,1,1,3,2,3,1,1,1,1,1,2,2,1,2,1,1,1,2,1,1,1,1,2,2,1,2,2,3,2,4,5,4,3,1,5,4,2,4,4,5,3,2,1,5,2,2,1,4,5,3,1,3,5,4,2,3,4,3,3,2,1,6,4,9,7,8,10,5,6,7,6,7,5,10,8,3,6,7,5,4,9,6,5,7,10,8,9
P13,baseline,4,2,2,2,2,2,2,3,1,2,2,0,0,1,1,0,0,0,0,4,5,4,4,5,5,4,5,3,4,5,5,5,5,5,3,4,5,5,3,4,4,4,3,4,5,3,5,4,2,3,5,4,5,4,3,4,4,3,3,4,4,4,4,2,4,4,4,1,4,2,4,1,2,4,4,4,4,4,4,2,2,3,4,2,2,4,4,4,2,3,2,4,2,2,4,2,3,2,3,2,4,2,4,3,3,4,2,2,2,4,2,2,1,3,4,2,3,5,2,5,3,5,3,2,8,6,2,2,4,4,2,4,3,1,3,1,1,2
P13,week6,3,0,2,0,0,0,0,0,0,1,0,0,0,2,0,0,0,0,0,4,4,3,3,2,4,3,3,2,4,4,4,5,5,4,3,4,4,4,4,4,3,2,3,3,4,2,4,4,3,4,5,4,3,3,2,2,1,2,3,3,4,3,4,2,5,4,4,2,4,3,4,2,2,3,3,4,4,2,4,1,2,2,5,2,2,4,2,4,1,2,1,5,3,2,4,2,3,1,2,1,4,1,3,4,3,5,1,2,2,4,2,2,3,3,3,2,3,5,5,3,4,2,3,2,2,5,2,3,3,2,2,5,2,1,1,2,1,2
P13,week12,2,0,2,0,0,0,0,0,0,2,0,0,0,0,0,0,0,0,0,4,4,4,3,3,4,3,4,4,4,4,4,4,5,3,4,4,4,3,3,4,4,3,2,3,4,2,5,4,2,3,4,3,3,3,2,3,2,2,3,4,4,3,4,2,4,3,3,2,4,4,4,3,3,3,3,3,4,4,4,2,2,2,5,2,2,4,3,4,2,2,1,5,4,2,4,3,2,2,2,2,5,2,2,3,3,3,2,2,2,5,3,2,3,5,6,3,6,6,8,5,7,3,4,2,7,7,3,4,3,2,3,9,5,2,8,2,4,5
P14,baseline,3,0,0,0,0,,,,,,,,,,,,,,,3,2,3,1,2,1,3,1,2,2,1,4,1,3,3,2,4,3,3,1,2,1,3,2,4,1,2,1,1,1,2,3,2,2,3,1,2,1,2,1,1,1,1,3,1,1,1,2,1,2,2,1,2,1,2,2,1,2,5,4,2,3,2,4,1,1,1,5,3,2,3,3,4,3,1,3,4,2,3,2,2,4,1,2,1,4,4,2,2,2,2,2,1,8,2,7,7,5,3,5,3,3,8,5,7,6,6,7,8,9,10,8,6,7,7,1,5,10,8
P14,week6,3,0,0,0,0,,,,,,,,,,,,,,,2,2,3,3,2,4,2,2,3,1,1,3,2,3,2,4,4,3,2,2,1,1,2,2,4,1,3,4,1,1,1,3,2,3,3,2,3,1,1,4,1,1,1,3,1,2,1,2,2,2,3,2,4,3,3,3,2,3,3,4,2,1,2,4,1,2,2,5,3,2,2,2,1,3,2,5,4,2,2,2,3,1,1,2,2,5,5,2,3,2,1,3,2,7,6,8,10,7,5,4,6,4,8,6,7,9,4,3,5,7,8,6,3,1,7,1,10,8,4
P14,week12,1,0,0,0,0,,,,,,,,,,,,,,,3,2,3,3,2,3,2,2,1,3,1,4,1,2,1,1,1,4,2,1,1,1,2,1,3,1,2,4,1,1,2,3,1,2,1,1,1,1,2,3,1,1,1,3,1,1,1,2,1,2,1,2,2,2,2,2,1,2,4,5,2,2,2,2,1,2,2,4,1,1,3,2,2,3,2,5,4,3,2,2,2,2,1,2,2,4,5,2,2,2,2,2,2,7,5,6,9,7,6,6,7,8,9,3,7,8,8,9,6,7,7,8,6,1,8,1,10,10,8
P15,baseline,2,1,1,0,0,,,,,,,,,,,,,,,2,2,2,3,2,3,3,1,3,3,2,3,2,3,2,1,2,3,2,1,1,1,2,1,2,1,1,3,1,1,1,3,1,2,3,1,1,1,1,3,1,1,1,1,1,3,1,1,1,3,1,1,2,2,1,1,2,2,3,3,2,2,4,4,2,1,2,4,2,1,2,2,5,2,1,3,3,4,1,2,2,3,2,1,2,3,2,1,2,2,3,2,1,5,4,10,6,9,10,5,5,5,4,6,5,9,5,3,5,7,4,4,5,4,5,5,7,4,5
P15,week6,1,0,1,0,0,,,,,,,,,,,,,,,2,2,2,2,2,3,3,2,2,2,1,3,1,1,2,2,2,2,2,1,2,2,3,2,3,2,3,3,1,1,1,3,1,1,3,1,2,1,1,2,1,1,1,3,1,2,1,2,1,3,3,1,1,1,3,1,1,4,4,5,2,3,3,4,3,1,4,5,3,1,2,4,5,3,1,4,2,4,1,4,3,4,1,2,3,5,4,1,3,3,4,4,1,5,5,5,10,8,5,6,8,10,3,5,5,10,10,7,10,10,8,8,10,7,10,10,10,9,8
P15,week12,0,0,0,0,0,,,,,,,,,,,,,,,1,1,1,1,1,1,2,1,1,1,1,1,1,2,1,1,1,1,1,1,1,1,1,1,1,1,1,1,1,1,1,2,1,1,3,1,1,1,1,1,1,1,1,1,1,1,1,1,1,1,1,1,1,1,1,1,1,1,2,2,1,3,3,4,2,2,2,3,3,1,2,3,4,2,1,2,2,2,2,2,3,3,1,2,2,3,3,3,3,3,3,3,1,10,10,7,10,7,5,5,7,9,5,5,5,8,5,5,5,5,5,5,6,7,8,8,7,9,5
P16,baseline,4,1,1,0,0,,,,,,,,,,,,,,,3,3,4,4,3,2,4,2,3,3,2,4,3,3,5,3,3,5,3,2,2,2,4,2,4,1,4,5,2,1,3,4,4,5,3,3,3,4,3,4,3,2,2,4,1,5,3,5,2,3,3,5,5,5,4,5,4,3,5,5,4,4,4,3,,2,3,4,5,4,4,4,3,4,1,5,4,5,3,3,3,3,1,4,2,4,3,3,4,4,4,4,1,5,6,8,8,5,7,4,5,4,5,7,5,10,6,6,8,8,6,3,4,7,6,1,3,8,3
P16,week6,3,0,0,0,0,,,,,,,,,,,,,,,3,2,4,3,2,3,4,1,3,2,2,3,2,4,3,2,2,4,3,2,1,3,1,1,2,1,3,5,2,1,1,3,3,3,3,3,4,3,2,3,1,2,1,3,1,3,3,3,2,2,1,3,5,5,3,3,2,3,4,5,2,2,3,2,2,2,2,3,4,2,3,2,1,2,2,4,3,5,2,4,1,2,1,2,2,3,3,1,2,1,2,1,2,4,6,5,9,7,5,3,4,4,6,5,5,7,7,3,6,9,7,5,6,6,6,3,8,8,5
P16,week12,3,0,0,0,0,,,,,,,,,,,,,,,3,2,3,2,2,2,3,2,2,2,2,3,2,3,3,3,2,3,3,2,2,3,4,2,3,3,2,4,2,2,2,4,3,2,2,4,3,3,3,4,2,3,2,2,1,3,2,3,3,3,3,2,5,5,2,2,3,2,4,4,2,3,3,2,2,2,3,3,4,1,4,3,2,2,2,4,3,5,2,3,2,2,1,2,2,3,2,2,3,1,3,2,1,6,6,7,8,5,8,4,5,7,7,6,4,9,7,7,7,8,6,5,6,3,6,3,8,7,4
P17,baseline,2,1,1,0,1,1,0,1,0,1,1,1,0,2,0,1,0,0,0,5,4,3,4,3,5,4,3,4,4,3,2,2,4,4,3,5,5,3,2,4,5,2,3,5,2,4,5,3,1,3,4,4,4,3,2,3,2,1,5,3,5,2,3,1,5,3,2,1,5,5,3,5,5,3,5,5,5,2,3,2,2,2,2,4,2,4,2,5,1,1,1,1,3,2,5,4,5,1,5,2,1,2,4,5,3,5,1,2,1,1,5,1,2,2,1,7,4,2,5,3,8,5,5,3,8,3,3,2,4,9,6,1,1,1,1,1,4,4
P17,week6,0,0,0,0,0,,,,,,,,,,,,,,,3,2,4,3,2,2,3,1,4,1,3,4,1,3,3,1,1,3,2,1,1,3,1,1,1,1,3,4,2,2,1,3,1,3,3,2,3,1,2,4,2,3,2,4,1,2,3,1,1,2,2,2,5,4,1,4,4,2,3,5,3,1,3,5,2,2,2,4,4,3,4,5,2,2,1,4,3,4,4,4,4,4,1,3,2,4,3,3,2,5,3,2,1,7,4,10,8,10,7,8,10,7,9,10,6,8,10,5,4,5,9,6,6,5,8,5,7,10,5
P17,week12,0,0,0,0,0,,,,,,,,,,,,,,,2,1,3,2,1,3,3,2,1,2,2,3,1,1,3,3,2,5,3,1,1,1,2,4,1,1,1,5,2,2,1,3,1,1,3,4,3,2,1,4,3,4,1,4,1,3,1,3,1,3,4,3,4,5,1,5,4,2,2,3,2,1,2,2,1,3,2,4,3,2,3,1,1,3,2,4,4,4,2,5,3,1,2,2,3,3,4,1,5,3,1,2,1,7,4,4,8,5,6,10,5,10,10,8,9,7,7,7,4,5,9,7,6,3,7,3,2,10,3
P18,baseline,3,1,1,0,0,,,,,,,,,,,,,,,3,5,3,4,5,5,5,3,4,4,5,5,5,5,5,3,4,4,5,5,2,5,5,5,3,5,4,5,2,2,3,3,2,4,4,4,4,2,2,5,5,5,4,4,2,5,3,3,2,4,4,2,4,5,3,5,4,4,1,4,1,4,2,1,5,2,4,3,4,1,1,2,2,4,4,4,4,5,1,4,1,1,5,2,3,2,5,1,2,1,2,2,2,1,2,2,2,3,3,2,2,5,4,2,2,1,2,2,3,2,4,1,3,2,2,3,1,1,1
P19,baseline,4,1,2,0,0,0,1,1,0,2,0,0,2,3,0,0,0,0,0,3,2,3,2,3,4,3,3,2,4,2,4,3,2,3,3,3,4,3,2,3,2,2,3,2,3,3,3,2,2,2,2,2,4,3,2,3,2,4,3,2,3,2,3,1,4,2,2,2,2,2,3,2,3,2,3,3,2,2,3,2,1,3,4,2,2,3,2,2,2,3,1,4,3,2,4,4,5,2,2,3,4,1,3,4,3,2,2,2,2,3,2,2,5,3,7,7,8,7,5,8,5,4,5,5,9,4,4,3,7,5,4,4,3,2,3,5,3,8
P19,week6,4,1,1,0,0,,,,,,,,,,,,,,,3,3,2,2,4,4,4,2,3,4,3,4,3,2,3,4,4,4,3,3,3,2,3,2,3,4,3,2,2,2,2,2,1,4,3,2,1,2,2,3,3,2,1,3,2,4,1,1,1,2,3,2,2,2,2,2,2,3,1,3,2,1,4,4,3,2,3,2,3,1,3,2,2,2,2,3,4,3,2,2,2,3,1,2,3,3,3,2,3,2,2,2,2,4,3,2,5,1,6,6,6,4,4,6,3,8,4,5,3,4,5,5,4,6,6,4,5,3,7
P19,week12,3,0,0,0,0,,,,,,,,,,,,,,,2,2,1,3,2,3,2,2,2,3,3,3,2,1,1,2,3,1,2,2,2,2,1,2,2,2,2,2,2,2,2,2,2,4,3,2,1,2,2,1,2,3,2,2,1,4,2,1,1,2,2,2,4,2,2,2,2,2,2,5,1,2,3,2,3,2,3,2,4,1,2,3,3,2,2,3,2,5,1,4,2,3,1,2,3,3,5,2,2,2,2,2,2,5,3,5,7,5,4,8,7,4,5,5,3,10,6,5,4,4,3,6,5,3,3,3,4,4,7
P20,baseline,4,1,2,0,2,0,1,1,1,2,1,2,0,3,1,2,0,0,0,3,2,3,4,3,4,3,3,2,3,5,3,3,4,3,3,3,4,3,3,3,4,2,3,2,3,4,4,2,2,2,3,3,4,4,2,3,4,2,5,5,4,1,5,1,5,2,2,4,3,5,3,4,3,3,3,5,2,4,2,2,2,4,4,1,1,4,4,2,4,3,3,5,1,1,4,1,2,4,4,4,5,1,4,5,2,1,4,4,3,5,2,1,6,7,9,9,8,9,9,9,6,5,7,5,8,8,5,4,5,5,5,7,9,4,2,5,4,5
P20,week6,2,0,1,0,0,,,,,,,,,,,,,,,3,3,2,4,3,4,4,2,2,1,4,3,3,2,2,2,3,3,3,2,2,4,2,4,2,2,1,2,2,1,1,2,1,3,1,3,3,1,3,4,1,4,2,4,2,4,1,1,4,4,2,4,5,4,3,3,3,2,2,4,2,2,2,4,1,1,2,2,2,1,2,2,5,2,2,3,4,4,2,4,4,4,1,2,3,4,3,2,3,2,4,1,1,4,5,7,8,7,8,7,5,4,5,6,5,9,7,4,5,8,7,4,6,9,5,4,8,5,7
P20,week12,0,0,,0,0,,,,,,,,,,,,,,,2,1,3,3,1,2,3,1,1,3,3,3,3,1,2,2,2,1,2,1,1,1,3,3,2,1,1,2,4,1,1,4,1,1,2,3,2,1,1,2,2,1,2,4,2,3,3,3,3,4,4,2,5,3,4,4,2,4,3,3,3,3,2,4,2,1,2,4,2,3,4,4,5,2,1,3,3,3,2,2,4,3,1,2,1,2,3,2,3,4,3,2,1,5,6,8,8,6,8,8,8,5,8,8,4,7,7,8,8,10,5,8,7,7,5,6,6,5,5
P21,baseline,3,1,1,0,0,,,,,,,,,,,,,,,4,3,3,4,3,4,4,3,3,3,3,3,2,3,3,2,4,4,4,3,3,2,3,3,3,3,2,4,3,3,4,4,3,4,4,3,3,3,3,4,3,3,2,3,2,3,3,3,2,3,2,4,2,4,4,3,3,2,4,4,2,4,4,3,3,2,4,4,4,2,4,3,2,3,2,4,3,4,2,3,2,2,1,2,3,4,3,2,4,2,2,3,2,5,5,7,5,5,7,7,5,6,5,5,5,8,6,5,7,5,5,5,7,6,5,4,4,7,6
P21,week6,1,0,1,0,0,,,,,,,,,,,,,,,3,3,3,3,3,4,4,3,2,2,3,3,2,4,3,2,3,3,3,2,3,2,3,3,3,2,3,3,3,3,2,3,3,2,3,2,4,2,2,3,3,3,2,3,3,2,3,3,2,3,2,3,3,3,3,3,2,3,4,4,2,3,3,2,2,2,3,4,3,2,4,3,3,3,2,4,4,4,2,4,3,2,2,4,3,4,4,2,4,3,2,3,2,6,4,6,4,6,6,5,5,4,4,5,5,6,5,4,4,3,4,4,5,3,4,3,3,6,5
P22,baseline,2,2,2,2,3,1,1,2,1,3,0,0,1,1,0,2,0,0,0,2,4,3,3,4,1,4,4,1,4,5,4,3,4,5,5,5,5,5,5,5,5,3,3,4,2,3,5,3,3,3,3,3,2,4,3,3,3,3,4,4,2,2,3,3,3,3,4,3,3,4,3,3,4,4,3,2,3,4,5,1,5,5,1,1,2,2,1,4,1,4,2,5,2,3,3,2,5,1,5,2,5,1,4,2,2,5,1,2,2,4,5,2,3,5,2,2,3,8,3,10,3,2,2,1,7,8,2,1,1,2,2,4,2,1,1,2,2,8
P22,week6,3,0,0,0,0,,,,,,,,,,,,,,,3,2,3,4,3,2,3,2,2,1,3,2,2,3,3,3,2,3,4,2,3,3,2,2,2,3,2,4,2,2,3,2,1,3,3,2,4,2,2,3,3,2,2,2,2,2,1,2,1,2,3,3,2,3,2,3,3,2,4,5,2,2,2,2,1,1,2,3,3,2,5,1,4,1,1,4,2,4,2,4,1,2,1,2,2,3,4,1,4,2,3,4,1,5,5,7,4,6,8,8,10,10,3,5,3,5,8,3,5,5,6,5,7,6,3,3,4,8,5
P22,week12,1,1,1,0,2,2,0,2,1,2,0,0,0,0,1,2,0,0,0,3,3,4,4,4,4,4,5,4,3,5,4,4,4,4,4,4,4,3,4,4,5,3,3,5,4,3,4,2,2,3,3,3,5,4,4,2,2,2,3,4,2,2,3,2,3,2,4,1,3,3,3,1,1,2,3,3,4,2,4,1,1,2,2,1,1,4,2,5,1,4,2,4,2,2,4,4,5,1,4,1,1,1,2,2,2,5,1,2,1,4,4,2,3,3,5,2,3,5,3,8,8,2,3,1,10,10,4,3,2,3,3,7,5,3,1,3,8,8
P23,baseline,5,0,1,0,0,,,,,,,,,,,,,,,3,2,3,2,2,4,4,3,4,1,4,3,4,5,4,2,2,4,3,3,3,4,5,2,3,2,5,5,2,2,3,4,4,5,3,3,3,3,4,5,2,2,2,4,2,4,4,2,2,4,3,2,5,5,2,2,3,2,2,3,3,3,4,3,2,1,4,5,3,1,1,4,2,3,1,4,3,4,2,3,3,2,2,1,3,3,3,2,4,3,2,3,1,4,3,7,9,7,9,7,7,5,1,3,4,6,6,3,7,7,4,2,7,3,3,5,7,6,3
P23,week6,1,0,1,0,0,,,,,,,,,,,,,,,3,2,3,1,2,4,4,2,2,4,1,4,2,5,3,2,2,3,2,1,1,1,1,2,3,4,3,3,2,2,2,3,3,5,4,2,2,2,2,5,1,1,1,4,1,3,3,1,1,4,1,2,4,2,2,1,2,2,4,3,4,5,4,3,2,2,3,5,2,3,4,4,3,2,2,3,2,4,4,4,5,3,2,2,2,5,3,4,5,4,3,2,2,7,7,6,8,8,8,6,7,5,5,5,4,7,8,5,8,8,7,6,7,8,4,3,4,8,5
P23,week12,1,0,1,0,0,,,,,,,,,,,,,,,3,4,4,2,3,3,4,4,3,2,4,3,2,5,4,3,2,5,3,1,2,4,2,3,2,2,3,2,2,1,2,4,5,5,3,1,2,2,2,5,2,2,1,1,1,2,2,3,2,3,3,3,4,4,2,2,2,2,4,3,4,4,4,3,2,2,2,3,3,4,4,4,5,2,2,2,3,4,4,4,4,4,2,2,3,4,3,3,4,4,5,2,2,7,6,8,9,8,10,8,8,4,8,9,4,7,8,6,8,8,7,8,7,7,4,4,7,8,6
P24,baseline,2,1,2,0,0,1,1,1,0,1,0,0,0,0,0,0,0,0,0,4,4,5,5,5,5,5,5,5,5,5,5,2,5,5,3,5,5,5,2,5,2,1,3,5,4,4,5,4,1,4,5,5,5,5,3,2,3,1,3,1,3,4,5,3,5,4,5,2,5,3,5,4,5,5,4,3,5,2,3,1,1,2,2,2,1,5,3,4,2,1,1,2,4,1,5,2,3,2,3,1,2,1,1,5,3,5,2,2,1,2,4,1,3,3,5,1,4,5,7,3,5,1,3,2,5,7,2,1,1,8,2,2,5,1,1,3,1,5
P24,week6,2,0,1,0,0,,,,,,,,,,,,,,,3,1,4,4,3,4,2,4,5,5,4,5,1,4,4,4,5,4,3,1,3,2,1,2,4,2,5,5,4,1,4,5,2,3,2,2,5,2,1,5,4,5,3,5,1,3,4,4,1,4,3,4,1,5,3,3,2,5,3,5,1,2,2,3,1,1,5,3,5,3,4,4,2,3,1,4,2,4,3,3,2,4,1,3,2,4,5,2,2,4,4,4,1,5,3,7,1,5,7,8,4,6,5,7,4,5,7,3,1,1,8,4,8,8,1,5,1,3,9
P24,week12,0,0,0,0,0,,,,,,,,,,,,,,,3,1,2,4,3,4,2,2,3,3,5,3,3,5,2,3,2,3,3,1,1,2,1,3,3,3,3,4,3,1,2,3,2,2,2,2,3,1,1,4,2,1,1,3,1,4,2,2,1,3,3,2,1,3,1,2,1,5,3,5,3,2,3,2,1,1,4,3,3,4,5,2,3,3,1,5,2,4,4,2,3,3,1,3,3,4,4,4,2,3,4,3,1,5,6,7,2,6,5,7,5,7,7,5,7,7,7,7,2,2,5,7,7,8,8,1,5,3,9
P25,baseline,4,2,2,2,0,2,1,2,1,2,2,3,0,3,1,0,0,0,0,3,3,2,3,2,4,4,4,4,2,4,2,4,5,4,1,2,4,4,4,3,4,4,2,1,3,2,4,1,1,1,4,5,5,4,3,2,2,1,3,3,1,2,4,1,5,3,4,1,4,1,3,3,1,3,3,3,2,4,4,2,3,2,3,4,2,3,3,4,4,2,3,4,4,2,3,3,3,3,2,3,2,1,3,2,2,4,3,2,2,4,3,2,4,7,6,8,8,9,7,6,7,6,6,4,7,7,4,10,8,7,4,6,7,5,3,2,6,7
P26,baseline,4,3,2,2,2,2,1,3,1,3,2,1,3,3,1,0,0,1,0,4,4,4,4,4,4,4,4,3,4,4,4,4,4,4,4,4,4,4,4,4,4,3,4,4,4,4,4,3,3,3,4,4,3,3,3,3,3,2,2,2,3,3,4,2,4,3,4,4,3,3,4,5,4,4,4,3,2,3,3,2,2,3,2,3,2,2,3,3,2,2,3,2,3,3,3,3,3,2,3,3,2,3,5,3,3,3,2,2,2,2,3,3,3,4,10,5,3,5,3,4,10,3,6,3,5,4,3,10,3,4,3,4,3,3,10,3,10,5
P26,week6,4,2,1,2,0,2,1,2,0,2,0,0,0,3,1,0,0,0,0,3,3,3,3,3,3,3,3,3,3,3,3,3,3,3,3,3,3,3,3,3,3,3,3,3,3,3,3,3,3,3,3,3,3,3,3,3,3,3,3,3,3,3,3,3,3,3,3,3,3,3,3,3,3,3,3,3,2,2,2,2,2,2,2,2,2,2,2,2,2,2,2,2,2,2,2,2,2,2,2,2,2,2,2,2,2,2,2,2,2,2,2,2,3,3,3,4,3,3,3,3,3,3,3,3,3,3,3,3,4,4,4,4,4,3,4,3,4,3
P26,week12,3,2,2,2,0,3,1,3,1,1,0,2,0,0,1,0,0,0,0,4,4,4,4,4,4,4,4,4,4,4,4,4,4,4,4,4,4,4,4,4,4,4,4,4,4,4,4,3,3,3,3,3,3,3,3,3,3,3,3,3,3,3,3,3,3,3,3,3,3,3,3,3,3,3,3,3,2,2,2,2,2,2,2,2,2,2,2,2,2,2,2,2,2,2,2,2,2,2,2,2,2,2,2,2,2,2,2,2,2,2,2,2,5,5,5,5,5,5,5,5,5,5,5,5,5,5,5,5,5,5,5,5,5,5,5,5,5,5
P27,baseline,4,2,2,2,1,1,1,1,1,1,0,2,2,2,1,1,0,0,0,4,3,3,2,4,4,5,5,4,5,4,4,4,4,4,5,3,4,4,4,3,2,4,3,3,3,4,5,2,2,2,3,3,3,3,2,3,3,2,4,4,3,4,4,4,2,3,2,1,4,3,3,3,3,3,3,4,2,4,4,2,1,1,2,3,1,4,4,3,1,3,2,2,3,2,4,4,3,2,3,2,2,2,2,3,4,4,2,2,2,2,3,2,3,3,2,3,2,5,3,2,5,5,3,1,5,3,2,4,3,3,3,3,5,3,5,1,2,3
P27,week6,0,0,1,0,0,,,,,,,,,,,,,,,2,1,2,3,2,4,3,2,2,3,3,2,2,3,2,3,4,5,2,2,2,3,1,1,3,1,3,2,3,3,2,3,2,3,3,2,4,2,2,3,5,4,3,3,3,2,3,4,3,4,4,3,2,3,3,2,3,2,3,2,4,4,3,5,4,3,2,3,5,3,4,3,2,3,2,3,3,5,3,4,1,2,3,3,3,2,4,3,2,3,2,3,2,7,5,3,5,3,3,4,2,5,4,3,3,5,5,3,3,3,3,3,2,3,4,7,5,2,5
P27,week12,0,0,0,0,0,,,,,,,,,,,,,,,2,2,2,3,2,3,2,1,2,3,4,3,2,3,2,4,1,4,2,3,2,1,2,1,1,1,2,4,3,3,3,4,4,2,2,3,3,3,2,3,2,4,2,3,3,3,2,3,2,3,3,3,2,2,2,2,3,1,3,2,1,3,3,4,3,1,1,4,3,1,5,2,1,4,2,3,3,2,2,3,1,1,2,2,1,5,5,1,4,2,1,5,2,5,5,7,3,4,5,4,2,5,3,2,5,2,5,6,5,3,5,3,4,3,5,10,3,5,1
P28,baseline,4,2,2,1,0,0,1,2,2,2,1,1,1,2,1,1,0,0,0,3,2,3,4,3,5,4,3,3,4,5,3,5,5,3,2,4,2,3,2,3,5,2,2,4,3,3,4,2,2,2,3,3,4,3,2,5,2,1,3,2,2,3,4,2,5,2,2,1,4,3,3,5,3,3,2,2,3,5,5,1,2,2,2,3,2,3,3,5,2,2,1,3,2,1,3,3,5,1,3,1,3,1,2,2,3,5,1,1,1,3,2,1,3,2,6,1,3,6,3,6,5,7,3,5,8,5,3,1,1,3,4,2,1,3,1,2,4,2
P28,week6,2,1,1,0,0,,,,,,,,,,,,,,,2,1,3,4,2,3,3,3,4,3,5,3,4,5,4,3,3,4,2,2,3,5,1,1,3,3,3,5,2,2,2,3,3,4,3,2,4,3,3,4,4,2,3,4,1,3,2,2,5,3,3,2,4,4,3,4,3,5,5,5,3,5,5,5,5,2,4,4,4,1,4,3,5,4,2,4,3,5,2,4,4,4,1,3,2,3,5,3,4,4,4,4,2,5,7,6,2,5,4,4,7,10,4,8,7,8,8,4,6,1,6,6,6,2,7,1,7,9,7
P28,week12,5,3,2,2,0,3,1,2,1,2,2,2,2,3,2,2,3,1,0,4,4,5,5,2,2,4,4,4,4,5,3,5,5,5,5,5,5,3,3,3,4,3,3,3,4,4,5,4,5,4,4,3,5,4,3,5,3,1,5,2,5,4,4,3,5,5,4,3,5,5,4,4,4,4,4,3,5,5,5,2,2,2,4,1,1,4,5,5,1,4,2,5,4,2,2,4,5,1,3,2,4,1,2,4,5,4,2,2,2,4,4,1,5,7,8,3,4,6,10,8,10,4,10,3,10,10,4,4,1,6,4,2,1,1,1,3,7,3
P29,baseline,3,0,1,0,0,,,,,,,,,,,,,,,2,2,1,3,3,4,3,2,2,3,2,4,1,3,2,5,2,3,1,1,1,1,3,2,3,2,1,2,1,1,2,4,3,3,1,3,2,1,4,4,1,4,2,3,1,3,2,2,1,4,5,2,4,4,2,2,1,2,3,4,1,2,1,1,1,1,3,2,2,1,2,1,3,2,1,4,2,2,1,1,1,2,1,1,2,2,2,1,1,1,2,2,1,3,1,1,9,3,2,2,3,3,3,1,2,2,1,2,1,5,3,2,4,2,5,1,1,7,2
P29,week6,0,0,0,0,0,,,,,,,,,,,,,,,1,1,1,2,1,3,3,1,3,3,1,2,1,1,1,3,1,2,1,1,1,1,2,1,2,1,2,1,3,1,2,4,2,1,2,3,1,1,2,3,1,3,1,3,1,1,1,2,2,3,4,2,3,3,1,1,2,4,2,3,1,1,2,2,1,1,4,2,4,1,2,2,1,4,1,4,1,1,1,1,1,2,1,1,3,1,5,1,1,1,2,4,1,4,3,2,7,5,4,3,3,2,7,4,4,7,4,3,2,7,3,2,2,2,4,5,4,9,5
P29,week12,1,0,0,0,0,,,,,,,,,,,,,,,2,2,1,1,1,1,3,3,1,3,1,2,1,1,3,4,2,3,1,1,1,1,2,3,2,1,1,1,1,1,3,5,3,2,1,4,2,3,5,4,2,4,1,3,1,2,3,2,2,4,5,1,4,4,1,1,2,2,4,1,1,2,3,2,3,1,4,2,4,1,2,2,4,2,1,3,3,2,1,2,2,2,1,1,2,3,3,1,1,2,3,2,1,5,4,7,8,4,4,5,4,3,5,4,4,7,5,4,5,8,4,4,3,1,4,1,1,6,5
P30,baseline,3,1,2,0,0,1,1,1,0,1,0,0,0,0,0,0,0,0,0,4,3,3,3,3,5,4,3,3,4,3,4,3,4,4,3,3,4,4,3,3,3,3,2,3,2,2,5,4,3,3,4,3,3,3,4,3,3,3,3,2,3,3,4,3,5,3,4,3,4,3,4,5,4,3,4,3,5,5,5,3,2,2,2,2,2,5,5,4,3,3,4,4,3,2,5,5,5,3,5,3,3,3,3,5,4,5,3,3,3,4,4,2,5,3,5,5,4,5,5,5,6,3,4,3,9,6,3,7,6,5,2,5,3,3,2,5,4,4
P30,week6,1,1,2,0,0,2,0,2,0,2,0,0,0,0,0,0,0,0,0,4,4,4,3,4,5,4,3,4,4,3,4,4,4,4,4,4,4,4,3,4,3,3,3,4,3,4,5,4,4,4,5,5,5,4,4,4,4,4,4,2,3,3,4,3,5,3,4,3,4,4,4,5,5,5,5,4,5,4,5,2,2,3,3,3,2,5,4,4,2,2,3,4,4,2,5,4,5,2,4,2,2,1,2,5,4,5,2,2,2,4,4,1,5,3,5,5,5,5,5,5,6,3,5,2,8,6,3,7,7,5,2,5,5,4,2,5,5,5
P30,week12,1,0,1,0,0,,,,,,,,,,,,,,,4,3,3,2,3,5,4,3,4,4,3,4,3,4,4,3,3,5,4,3,3,3,4,3,4,3,4,5,5,4,3,5,3,3,4,4,4,4,4,4,2,3,3,4,4,5,3,4,3,5,4,4,5,5,4,5,4,4,4,5,3,4,4,4,4,2,4,4,4,2,2,4,4,4,2,5,4,5,2,4,2,2,4,2,4,4,5,2,4,3,4,5,2,5,3,5,4,7,7,7,7,10,5,5,4,8,6,3,7,7,4,3,5,4,3,4,4,5,6
