item_id,bank,position,a,b1,b2,b3,b4
EDDEP04,depression,1,4.26142,0.40107,0.97567,1.69630,2.44407
EDDEP05,depression,2,3.93174,0.30494,0.91310,1.59348,2.41168
EDDEP06,depression,3,4.14476,0.35011,0.91535,1.67820,2.47053
EDDEP07,depression,4,2.80180,0.14775,0.77235,1.60271,2.53806
EDDEP09,depression,5,3.65743,0.31196,0.98181,1.78211,2.57113
EDDEP14,depression,6,2.33338,0.18599,0.94732,1.72877,2.63264
EDDEP17,depression,7,3.27403,-0.49845,0.40594,1.41305,2.37546
EDDEP19,depression,8,3.24097,0.46049,1.03443,1.83360,2.51472
EDDEP21,depression,9,2.73610,0.07246,0.80978,1.80307,2.67344
EDDEP22,depression,10,3.97003,0.20380,0.79549,1.64871,2.29550
EDDEP23,depression,11,2.56443,-0.03841,0.69270,1.65282,2.58363
EDDEP26,depression,12,3.09337,-0.35762,0.41250,1.40386,2.22396
EDDEP27,depression,13,2.92006,0.20434,0.89092,1.65465,2.52837
EDDEP28,depression,14,2.58834,-0.07909,0.63262,1.47733,2.32772
EDDEP29,depression,15,4.34292,-0.11730,0.59775,1.42817,2.27250
EDDEP30,depression,16,2.61285,-0.02338,0.86839,1.86430,2.82634
EDDEP31,depression,17,3.18287,-0.26089,0.39677,1.30546,2.13399
EDDEP35,depression,18,3.10586,0.04371,0.72235,1.63876,2.47149
EDDEP36,depression,19,3.48301,-0.53588,0.34757,1.34678,2.35479
EDDEP39,depression,20,3.13121,0.91802,1.48132,2.16400,2.85638
EDDEP41,depression,21,4.45416,0.55838,1.07424,1.77935,2.53008
EDDEP42,depression,22,2.36441,0.21007,0.98709,1.90590,2.93376
EDDEP44,depression,23,2.54916,0.19350,1.01175,2.01311,3.12649
EDDEP45,depression,24,2.83360,0.14071,0.90650,1.84610,2.87519
EDDEP46,depression,25,2.38063,-0.45788,0.47800,1.54566,2.63151
EDDEP48,depression,26,3.18524,0.19814,0.78191,1.52581,2.32408
EDDEP50,depression,27,2.01810,-0.05044,0.92587,1.99952,2.96551
EDDEP54,depression,28,2.68530,-0.29881,0.42346,1.35785,2.30765
EDANX01,anxiety,1,3.60215,0.34159,1.08953,1.96010,2.69870
EDANX02,anxiety,2,3.45041,0.49115,1.33004,2.15517,2.88025
EDANX03,anxiety,3,3.33656,0.62132,1.24325,2.06150,2.75862
EDANX05,anxiety,4,3.35528,-0.18966,0.59808,1.57489,2.44582
EDANX07,anxiety,5,3.55093,0.53942,1.04603,1.86500,2.38470
EDANX08,anxiety,6,2.84824,0.36805,1.06412,1.85326,2.54471
EDANX12,anxiety,7,2.73450,-0.56874,0.47213,1.67172,2.96953
EDANX13,anxiety,8,1.42999,0.32032,1.38526,2.74060,4.65733
EDANX16,anxiety,9,1.80263,-0.03827,0.87866,2.11258,3.04570
EDANX18,anxiety,10,2.98577,0.56615,1.30206,2.14959,3.06077
EDANX20,anxiety,11,1.72352,0.01039,1.16849,2.20296,3.10854
EDANX21,anxiety,12,2.23209,-0.30039,0.73731,1.85979,2.92476
EDANX24,anxiety,13,1.83002,0.33187,0.98210,1.88727,3.02350
EDANX26,anxiety,14,1.95065,-0.02654,0.87921,2.01451,3.24067
EDANX27,anxiety,15,2.86023,0.43614,1.12686,2.02954,2.77784
EDANX30,anxiety,16,3.03184,-0.51540,0.31555,1.35165,2.29968
EDANX33,anxiety,17,2.58191,1.14705,1.81666,2.71646,3.58909
EDANX37,anxiety,18,1.70917,-0.03958,0.88363,2.00163,3.10437
EDANX40,anxiety,19,3.88320,0.48588,1.26318,2.11112,2.89851
EDANX41,anxiety,20,3.65951,0.36440,1.03381,1.78049,2.62116
EDANX44,anxiety,21,1.27050,0.57193,1.45898,2.67790,3.97234
EDANX46,anxiety,22,3.39814,-0.21664,0.63213,1.64445,2.73124
EDANX47,anxiety,23,2.53651,-0.23896,0.67781,1.79560,2.90068
EDANX48,anxiety,24,3.04334,-0.33156,0.55587,1.45591,2.33987
EDANX49,anxiety,25,1.51570,-0.82984,0.08691,1.16773,2.37973
EDANX51,anxiety,26,2.41166,-0.46182,0.39835,1.36359,2.40282
EDANX53,anxiety,27,3.65611,-0.23178,0.59523,1.56346,2.49905
EDANX54,anxiety,28,3.35033,-0.50940,0.31067,1.25022,2.29662
EDANX55,anxiety,29,3.12733,0.07436,0.94089,1.84772,2.77570
